{
    "best_epoch": 28,
    "best_eval_f1": 0.8179824561403509,
    "best_test_f1": 0.8289828982898291,
    "epoch": 40.0
}