{
    "best_epoch": 45,
    "best_eval_f1": 0.8355263157894738,
    "best_test_f1": 0.8533936651583711,
    "epoch": 80.0
}