{
    "best_epoch": 22,
    "best_eval_f1": 0.9423286180631121,
    "best_test_f1": 0.9003418353931106,
    "epoch": 30.0
}