{
    "best_epoch": 41,
    "best_eval_f1": 0.942415378186377,
    "best_test_f1": 0.8991515787632292,
    "epoch": 60.0
}